# 2018-07-11 11:18:52.008000 : Beginning an experiment with subject number 148,,,,,,,,,,,,,,,,,,,,,,,,,,,,,,,,,,,,,,,,,,,,,,,,,,,,,,,,,,,,,,,,,,,,,,,,,,,,,,,,,,,,,,,,,,,,,,,,,,,,,,,,,,,,,,,,,,,,,,,,,,,,,,,,,,,,,,,,
# 2018-07-11 11:19:54.284000 : First practice screen shown at time 64477,,,,,,,,,,,,,,,,,,,,,,,,,,,,,,,,,,,,,,,,,,,,,,,,,,,,,,,,,,,,,,,,,,,,,,,,,,,,,,,,,,,,,,,,,,,,,,,,,,,,,,,,,,,,,,,,,,,,,,,,,,,,,,,,,,,,,,,,
# 2018-07-11 11:20:10.594000 : Touch tracking instructions at time 80787,,,,,,,,,,,,,,,,,,,,,,,,,,,,,,,,,,,,,,,,,,,,,,,,,,,,,,,,,,,,,,,,,,,,,,,,,,,,,,,,,,,,,,,,,,,,,,,,,,,,,,,,,,,,,,,,,,,,,,,,,,,,,,,,,,,,,,,,
# 2018-07-11 11:21:02.451000 : Second practice trial at time 132644,,,,,,,,,,,,,,,,,,,,,,,,,,,,,,,,,,,,,,,,,,,,,,,,,,,,,,,,,,,,,,,,,,,,,,,,,,,,,,,,,,,,,,,,,,,,,,,,,,,,,,,,,,,,,,,,,,,,,,,,,,,,,,,,,,,,,,,,
# 2018-07-11 11:21:25.944000 : Third practice trial at time 156137,,,,,,,,,,,,,,,,,,,,,,,,,,,,,,,,,,,,,,,,,,,,,,,,,,,,,,,,,,,,,,,,,,,,,,,,,,,,,,,,,,,,,,,,,,,,,,,,,,,,,,,,,,,,,,,,,,,,,,,,,,,,,,,,,,,,,,,,
# 2018-07-11 11:22:26.568000> starting trial 0 with item-cond 19-g,,,,,,,,,,,,,,,,,,,,,,,,,,,,,,,,,,,,,,,,,,,,,,,,,,,,,,,,,,,,,,,,,,,,,,,,,,,,,,,,,,,,,,,,,,,,,,,,,,,,,,,,,,,,,,,,,,,,,,,,,,,,,,,,,,,,,,,,
# 2018-07-11 11:22:29.208000> starting sentence audio 0 with item-cond 19-g,,,,,,,,,,,,,,,,,,,,,,,,,,,,,,,,,,,,,,,,,,,,,,,,,,,,,,,,,,,,,,,,,,,,,,,,,,,,,,,,,,,,,,,,,,,,,,,,,,,,,,,,,,,,,,,,,,,,,,,,,,,,,,,,,,,,,,,,
# 2018-07-11 11:22:29.220000 : Third practice trial at time 219413,,,,,,,,,,,,,,,,,,,,,,,,,,,,,,,,,,,,,,,,,,,,,,,,,,,,,,,,,,,,,,,,,,,,,,,,,,,,,,,,,,,,,,,,,,,,,,,,,,,,,,,,,,,,,,,,,,,,,,,,,,,,,,,,,,,,,,,,
Mouse_RT,acc,accuracy,average_response_time,avg_rt,background,bidi,canvas_backend,clock_backend,color_backend,compensation,context_begins,coordinates,correct,correct_OpeningSplashScreen,count_Abisu,count_BlankScreen,count_ContextScreen,count_Delay,count_ExperimentalTrialLoop,count_FirstScreen,count_FlashPuck,count_FlashPuck_1,count_Instruction01,count_KaoGuahaKuestionMu,count_OpeningSplashScreen,count_Practice,count_PracticeScreenIntro,count_PracticeScreenTracking,count_PracticeTrialSequence,count_SecondTrack,count_SetGlobals,count_Thanks,count_ThirdTrack,count_TouchTrack,count_TrialSequence,count_Welcome,count_experiment,count_logger,current_cond,current_item,cursor_roi,cursor_x,cursor_y,custom_cursor,datetime,delay_Delay,description,disable_garbage_collection,empty_column,enable_escape,experiment_file,experiment_path,fList,first_loop,flush,font_bold,font_family,font_italic,font_size,font_underline,foreground,form_clicks,fullscreen,height,item,itemno,keyboard_backend,live_row,live_row_ExperimentalTrialLoop,live_row_Practice,logfile,mouse_backend,opensesame_codename,opensesame_version,osf_id,pic_response,play_count,position,puck,pygame_doublebuf,pygame_hwsurface,pygame_window_frame,pygame_window_pos,repeat_cycle,response,response_OpeningSplashScreen,response_Thanks,response_time,response_time_OpeningSplashScreen,response_time_Thanks,round_decimals,sampler_backend,sound_buf_size,sound_channels,sound_freq,sound_sample_size,soundfile,start,subject_nr,subject_parity,synth_backend,tTrajectory,time_Abisu,time_BlankScreen,time_ContextScreen,time_Delay,time_ExperimentalTrialLoop,time_FirstScreen,time_FlashPuck,time_FlashPuck_1,time_Instruction01,time_KaoGuahaKuestionMu,time_OpeningSplashScreen,time_Practice,time_PracticeScreenIntro,time_PracticeScreenTracking,time_PracticeTrialSequence,time_SecondTrack,time_SetGlobals,time_Thanks,time_ThirdTrack,time_TouchTrack,time_TrialSequence,time_Welcome,time_experiment,time_logger,title,total_correct,total_response_time,total_responses,transparent_variables,trial_begins,uniform_coordinates,width,xTrajectory,yTrajectory
16877,undefined,undefined,undefined,undefined,black,no,legacy,legacy,legacy,0,216774,relative,undefined,undefined,0,0,0,NA,0,NA,NA,NA,NA,NA,0,0,0,0,0,0,0,0,0,0,0,0,0,0,g,19,undefined,1381,825,yes,7/11/2018 11:18,NA,Executes Python code,yes,,yes,bta_beta.osexp,C:/Users/z.lab1/Desktop/Final,"[219396, 219401, 219632, 219849, 220062, 220281, 220526, 220776, 221023, 221275, 221497, 221710, 221924, 222138, 222356, 222589, 222837, 223081, 223318, 223563, 223776, 223990, 224202, 224415, 224635, 224875, 225121, 225365, 225614, 225846, 226060, 226275, 226492, 226708, 226935, 227186, 227434, 227687, 227935, 228154, 228370, 228589, 228809, 229035, 229282, 229538, 229792, 230051, 230275, 230495, 230720, 230941, 231176, 231430, 231690, 231952, 232207, 232427, 232648, 232869, 233092, 233325, 233578, 233837, 234099, 234348, 234571, 234790, 235025, 235247, 235486, 235739, 235996, 236268]",0,NA,no,serif,no,18,no,white,no,no,1080,19,19,legacy,0,0,0,C:/Users/z.lab1/Desktop/Final/subject-148.csv,legacy,Kafkaesque Koffka,3.2.4,5b2998ae04fe52000ecbb503,right,0,"(1810, 423)",leaf,yes,no,no,"0,0",0,1,1,NA,44272,44272,NA,2,legacy,1024,2,44100,-16,NA,experiment,148,even,droid,"[10658.0, 10882.0, 11102.0, 11327.0, 11548.0, 11782.0, 12037.0, 12296.0, 12558.0, 12814.0, 13034.0, 13254.0, 13475.0, 13698.0, 13931.0, 14185.0, 14443.0, 14705.0, 14954.0]",179532,215762,216762,NA,215271,NA,NA,NA,NA,NA,2656,63958,64472,80754,64472,132428,2635,NA,155892,219391,215761,46932,2634,236484,BTA (Zapotec RC script),0,0,0,no,219396,no,1920,"[1039, 1073, 1100, 1138, 1202, 1274, 1371, 1456, 1524, 1575, 1620, 1670, 1720, 1758, 1791, 1812, 1819, 1826, 1829]","[890, 868, 847, 819, 766, 713, 639, 566, 506, 454, 406, 351, 293, 239, 183, 144, 115, 99, 92]"
# 2018-07-11 11:22:47.823000> starting trial 1 with item-cond 10-f,,,,,,,,,,,,,,,,,,,,,,,,,,,,,,,,,,,,,,,,,,,,,,,,,,,,,,,,,,,,,,,,,,,,,,,,,,,,,,,,,,,,,,,,,,,,,,,,,,,,,,,,,,,,,,,,,,,,,,,,,,,,,,,,,,,,,,,,
# 2018-07-11 11:22:51.778000> starting sentence audio 1 with item-cond 10-f,,,,,,,,,,,,,,,,,,,,,,,,,,,,,,,,,,,,,,,,,,,,,,,,,,,,,,,,,,,,,,,,,,,,,,,,,,,,,,,,,,,,,,,,,,,,,,,,,,,,,,,,,,,,,,,,,,,,,,,,,,,,,,,,,,,,,,,,
# 2018-07-11 11:22:51.788000 : Third practice trial at time 241982,,,,,,,,,,,,,,,,,,,,,,,,,,,,,,,,,,,,,,,,,,,,,,,,,,,,,,,,,,,,,,,,,,,,,,,,,,,,,,,,,,,,,,,,,,,,,,,,,,,,,,,,,,,,,,,,,,,,,,,,,,,,,,,,,,,,,,,,
15801,undefined,undefined,undefined,undefined,black,no,legacy,legacy,legacy,0,238026,relative,undefined,undefined,0,1,1,NA,0,NA,NA,NA,NA,NA,0,0,0,0,0,0,0,0,0,1,1,0,0,1,f,10,undefined,1381,825,yes,7/11/2018 11:18,NA,Executes Python code,yes,,yes,bta_beta.osexp,C:/Users/z.lab1/Desktop/Final,"[241966, 241972, 242200, 242415, 242630, 242860, 243108, 243357, 243603, 243854, 244087, 244307, 244527, 244746, 244965, 245201, 245443, 245693, 245939, 246192, 246413, 246632, 246851, 247070, 247295, 247543, 247785, 248030, 248290, 248515, 248736, 248957, 249178, 249407, 249658, 249908, 250148, 250400, 250614, 250841, 251067, 251290, 251520, 251774, 252031, 252291, 252548, 252769, 252992, 253214, 253436, 253670, 253925, 254185, 254446, 254705, 254927, 255151, 255376, 255599, 255844, 256102, 256363, 256629, 256856, 257079, 257302, 257525, 257762]",0,NA,no,serif,no,18,no,white,no,no,1080,10,10,legacy,1,1,0,C:/Users/z.lab1/Desktop/Final/subject-148.csv,legacy,Kafkaesque Koffka,3.2.4,5b2998ae04fe52000ecbb503,right,0,"(1796, 446)",tortilla,yes,no,no,"0,0",0,1,1,NA,44272,44272,NA,2,legacy,1024,2,44100,-16,NA,experiment,148,even,droid,"[9103.0, 9326.0, 9558.0, 9811.0, 10067.0, 10328.0, 10584.0, 10805.0, 11029.0, 11250.0, 11472.0, 11706.0, 11961.0, 12221.0, 12483.0, 12741.0, 12964.0, 13188.0, 13412.0, 13636.0, 13880.0]",179532,237017,238017,NA,215271,NA,NA,NA,NA,NA,2656,63958,64472,80754,64472,132428,2635,NA,155892,241961,237016,46932,2634,258004,BTA (Zapotec RC script),0,0,0,no,241966,no,1920,"[969, 973, 988, 1037, 1104, 1178, 1248, 1312, 1372, 1440, 1514, 1590, 1662, 1733, 1787, 1810, 1814, 1813, 1814, 1816, 1819]","[898, 894, 881, 852, 809, 760, 712, 668, 624, 575, 524, 465, 393, 308, 222, 158, 133, 117, 111, 107, 105]"
# 2018-07-11 11:23:09.346000> starting trial 2 with item-cond 21-a,,,,,,,,,,,,,,,,,,,,,,,,,,,,,,,,,,,,,,,,,,,,,,,,,,,,,,,,,,,,,,,,,,,,,,,,,,,,,,,,,,,,,,,,,,,,,,,,,,,,,,,,,,,,,,,,,,,,,,,,,,,,,,,,,,,,,,,,
# 2018-07-11 11:23:12.117000> starting sentence audio 2 with item-cond 21-a,,,,,,,,,,,,,,,,,,,,,,,,,,,,,,,,,,,,,,,,,,,,,,,,,,,,,,,,,,,,,,,,,,,,,,,,,,,,,,,,,,,,,,,,,,,,,,,,,,,,,,,,,,,,,,,,,,,,,,,,,,,,,,,,,,,,,,,,
# 2018-07-11 11:23:12.128000 : Third practice trial at time 262321,,,,,,,,,,,,,,,,,,,,,,,,,,,,,,,,,,,,,,,,,,,,,,,,,,,,,,,,,,,,,,,,,,,,,,,,,,,,,,,,,,,,,,,,,,,,,,,,,,,,,,,,,,,,,,,,,,,,,,,,,,,,,,,,,,,,,,,,
12955,undefined,undefined,undefined,undefined,black,no,legacy,legacy,legacy,0,259549,relative,undefined,undefined,0,2,2,NA,0,NA,NA,NA,NA,NA,0,0,0,0,0,0,0,0,0,2,2,0,0,2,a,21,undefined,1381,825,yes,7/11/2018 11:18,NA,Executes Python code,yes,,yes,bta_beta.osexp,C:/Users/z.lab1/Desktop/Final,"[262305, 262311, 262543, 262762, 262988, 263224, 263461, 263704, 263954, 264177, 264392, 264607, 264822, 265043, 265290, 265538, 265786, 266035, 266280, 266494, 266708, 266921, 267135, 267356, 267603, 267853, 268091, 268332, 268571, 268790, 269010, 269228, 269444, 269690, 269945, 270203, 270466, 270724, 270946, 271169, 271394, 271619, 271857, 272112, 272372, 272627, 272889, 273112, 273335, 273560, 273786, 274027, 274289, 274543, 274807, 275035, 275256]",0,NA,no,serif,no,18,no,white,no,no,1080,21,21,legacy,2,2,0,C:/Users/z.lab1/Desktop/Final/subject-148.csv,legacy,Kafkaesque Koffka,3.2.4,5b2998ae04fe52000ecbb503,left,0,"(93, 487)",star,yes,no,no,"0,0",0,1,1,NA,44272,44272,NA,2,legacy,1024,2,44100,-16,NA,experiment,148,even,droid,"[8163.0, 8421.0, 8644.0, 8867.0, 9091.0, 9316.0, 9554.0, 9811.0, 10069.0, 10324.0, 10586.0, 10809.0, 11033.0, 11257.0, 11483.0, 11725.0]",179532,258540,259540,NA,215271,NA,NA,NA,NA,NA,2656,63958,64472,80754,64472,132428,2635,NA,155892,262300,258539,46932,2634,275472,BTA (Zapotec RC script),0,0,0,no,262305,no,1920,"[850, 768, 740, 709, 634, 563, 490, 420, 356, 290, 212, 164, 127, 109, 105, 102]","[842, 787, 766, 740, 672, 595, 522, 454, 389, 326, 250, 191, 143, 118, 102, 96]"
# 2018-07-11 11:23:26.844000> starting trial 3 with item-cond 13-a,,,,,,,,,,,,,,,,,,,,,,,,,,,,,,,,,,,,,,,,,,,,,,,,,,,,,,,,,,,,,,,,,,,,,,,,,,,,,,,,,,,,,,,,,,,,,,,,,,,,,,,,,,,,,,,,,,,,,,,,,,,,,,,,,,,,,,,,
# 2018-07-11 11:23:29.949000> starting sentence audio 3 with item-cond 13-a,,,,,,,,,,,,,,,,,,,,,,,,,,,,,,,,,,,,,,,,,,,,,,,,,,,,,,,,,,,,,,,,,,,,,,,,,,,,,,,,,,,,,,,,,,,,,,,,,,,,,,,,,,,,,,,,,,,,,,,,,,,,,,,,,,,,,,,,
# 2018-07-11 11:23:29.958000 : Third practice trial at time 280152,,,,,,,,,,,,,,,,,,,,,,,,,,,,,,,,,,,,,,,,,,,,,,,,,,,,,,,,,,,,,,,,,,,,,,,,,,,,,,,,,,,,,,,,,,,,,,,,,,,,,,,,,,,,,,,,,,,,,,,,,,,,,,,,,,,,,,,,
12479,undefined,undefined,undefined,undefined,black,no,legacy,legacy,legacy,0,277047,relative,undefined,undefined,0,3,3,NA,0,NA,NA,NA,NA,NA,0,0,0,0,0,0,0,0,0,3,3,0,0,3,a,13,undefined,1381,825,yes,7/11/2018 11:18,NA,Executes Python code,yes,,yes,bta_beta.osexp,C:/Users/z.lab1/Desktop/Final,"[280137, 280142, 280386, 280637, 280892, 281155, 281426, 281658, 281883, 282106, 282329, 282570, 282827, 283083, 283341, 283607, 283842, 284074, 284305, 284537, 284780, 285032, 285302, 285562, 285836, 286066, 286297, 286528, 286760, 287007, 287274, 287551, 287830, 288091, 288324, 288560, 288797, 289040, 289303, 289581, 289858, 290122, 290356, 290592, 290825, 291071, 291352, 291634, 291913, 292142, 292373, 292610]",0,NA,no,serif,no,18,no,white,no,no,1080,13,13,legacy,3,3,0,C:/Users/z.lab1/Desktop/Final/subject-148.csv,legacy,Kafkaesque Koffka,3.2.4,5b2998ae04fe52000ecbb503,left,0,"(89, 484)",star,yes,no,no,"0,0",0,1,1,NA,44272,44272,NA,2,legacy,1024,2,44100,-16,NA,experiment,148,even,droid,"[7696.0, 7956.0, 8190.0, 8426.0, 8662.0, 8906.0, 9169.0, 9446.0, 9723.0, 9987.0, 10221.0, 10458.0, 10691.0, 10938.0, 11217.0, 11500.0]",179532,276038,277038,NA,215271,NA,NA,NA,NA,NA,2656,63958,64472,80754,64472,132428,2635,NA,155892,280131,276037,46932,2634,292839,BTA (Zapotec RC script),0,0,0,no,280137,no,1920,"[856, 796, 736, 664, 565, 482, 396, 332, 280, 245, 205, 168, 135, 116, 104, 101]","[888, 856, 823, 779, 699, 611, 521, 450, 378, 313, 253, 194, 146, 113, 91, 92]"
# 2018-07-11 11:23:44.222000> starting trial 4 with item-cond 22-b,,,,,,,,,,,,,,,,,,,,,,,,,,,,,,,,,,,,,,,,,,,,,,,,,,,,,,,,,,,,,,,,,,,,,,,,,,,,,,,,,,,,,,,,,,,,,,,,,,,,,,,,,,,,,,,,,,,,,,,,,,,,,,,,,,,,,,,,
# 2018-07-11 11:23:48.828000> starting sentence audio 4 with item-cond 22-b,,,,,,,,,,,,,,,,,,,,,,,,,,,,,,,,,,,,,,,,,,,,,,,,,,,,,,,,,,,,,,,,,,,,,,,,,,,,,,,,,,,,,,,,,,,,,,,,,,,,,,,,,,,,,,,,,,,,,,,,,,,,,,,,,,,,,,,,
# 2018-07-11 11:23:48.838000 : Third practice trial at time 299031,,,,,,,,,,,,,,,,,,,,,,,,,,,,,,,,,,,,,,,,,,,,,,,,,,,,,,,,,,,,,,,,,,,,,,,,,,,,,,,,,,,,,,,,,,,,,,,,,,,,,,,,,,,,,,,,,,,,,,,,,,,,,,,,,,,,,,,,
16601,undefined,undefined,undefined,undefined,black,no,legacy,legacy,legacy,0,294425,relative,undefined,undefined,0,4,4,NA,0,NA,NA,NA,NA,NA,0,0,0,0,0,0,0,0,0,4,4,0,0,4,b,22,undefined,1381,825,yes,7/11/2018 11:18,NA,Executes Python code,yes,,yes,bta_beta.osexp,C:/Users/z.lab1/Desktop/Final,"[299015, 299021, 299251, 299468, 299684, 299901, 300133, 300380, 300632, 300880, 301124, 301362, 301584, 301805, 302027, 302249, 302478, 302727, 302974, 303217, 303463, 303705, 303927, 304149, 304371, 304589, 304815, 305061, 305304, 305545, 305795, 306043, 306260, 306477, 306695, 306914, 307153, 307412, 307673, 307928, 308184, 308408, 308630, 308856, 309082, 309323, 309579, 309841, 310101, 310355, 310582, 310805, 311029, 311252, 311488, 311745, 312009, 312267, 312529, 312755, 312979, 313201, 313428, 313673, 313935, 314199, 314465, 314697, 314921, 315145, 315370, 315611]",0,NA,no,serif,no,18,no,white,no,no,1080,22,22,legacy,4,4,0,C:/Users/z.lab1/Desktop/Final/subject-148.csv,legacy,Kafkaesque Koffka,3.2.4,5b2998ae04fe52000ecbb503,right,0,"(1821, 424)",tortilla,yes,no,no,"0,0",0,1,1,NA,44272,44272,NA,2,legacy,1024,2,44100,-16,NA,experiment,148,even,droid,"[10070.0, 10310.0, 10566.0, 10829.0, 11089.0, 11342.0, 11569.0, 11792.0, 12016.0, 12240.0, 12476.0, 12733.0, 12997.0, 13256.0, 13516.0, 13742.0, 13967.0, 14188.0, 14415.0, 14661.0]",179532,293416,294416,NA,215271,NA,NA,NA,NA,NA,2656,63958,64472,80754,64472,132428,2635,NA,155892,299010,293415,46932,2634,315862,BTA (Zapotec RC script),0,0,0,no,299015,no,1920,"[1044, 1046, 1052, 1084, 1144, 1197, 1237, 1284, 1334, 1395, 1452, 1503, 1571, 1642, 1693, 1727, 1762, 1800, 1816, 1822]","[879, 875, 869, 845, 807, 772, 742, 709, 675, 631, 589, 540, 469, 372, 302, 246, 192, 143, 115, 101]"
# 2018-07-11 11:24:07.418000> starting trial 5 with item-cond 14-b,,,,,,,,,,,,,,,,,,,,,,,,,,,,,,,,,,,,,,,,,,,,,,,,,,,,,,,,,,,,,,,,,,,,,,,,,,,,,,,,,,,,,,,,,,,,,,,,,,,,,,,,,,,,,,,,,,,,,,,,,,,,,,,,,,,,,,,,
# 2018-07-11 11:24:11.237000> starting sentence audio 5 with item-cond 14-b,,,,,,,,,,,,,,,,,,,,,,,,,,,,,,,,,,,,,,,,,,,,,,,,,,,,,,,,,,,,,,,,,,,,,,,,,,,,,,,,,,,,,,,,,,,,,,,,,,,,,,,,,,,,,,,,,,,,,,,,,,,,,,,,,,,,,,,,
# 2018-07-11 11:24:11.248000 : Third practice trial at time 321441,,,,,,,,,,,,,,,,,,,,,,,,,,,,,,,,,,,,,,,,,,,,,,,,,,,,,,,,,,,,,,,,,,,,,,,,,,,,,,,,,,,,,,,,,,,,,,,,,,,,,,,,,,,,,,,,,,,,,,,,,,,,,,,,,,,,,,,,
13129,undefined,undefined,undefined,undefined,black,no,legacy,legacy,legacy,0,317621,relative,undefined,undefined,0,5,5,NA,0,NA,NA,NA,NA,NA,0,0,0,0,0,0,0,0,0,5,5,0,0,5,b,14,undefined,1381,825,yes,7/11/2018 11:18,NA,Executes Python code,yes,,yes,bta_beta.osexp,C:/Users/z.lab1/Desktop/Final,"[321425, 321431, 321671, 321897, 322123, 322349, 322604, 322861, 323110, 323366, 323609, 323834, 324058, 324284, 324516, 324773, 325033, 325287, 325551, 325774, 325995, 326217, 326438, 326670, 326924, 327185, 327437, 327691, 327917, 328143, 328372, 328603, 328854, 329118, 329386, 329651, 329908, 330134, 330364, 330595, 330835, 331098, 331361, 331630, 331891, 332120, 332349, 332579, 332805, 333059, 333327, 333593, 333863, 334087, 334316, 334549]",0,NA,no,serif,no,18,no,white,no,no,1080,14,14,legacy,5,5,0,C:/Users/z.lab1/Desktop/Final/subject-148.csv,legacy,Kafkaesque Koffka,3.2.4,5b2998ae04fe52000ecbb503,right,0,"(1810, 442)",tortilla,yes,no,no,"0,0",0,1,1,NA,44272,44272,NA,2,legacy,1024,2,44100,-16,NA,experiment,148,even,droid,"[7432.0, 7695.0, 7964.0, 8228.0, 8485.0, 8711.0, 8943.0, 9172.0, 9412.0, 9677.0, 9938.0, 10207.0, 10469.0, 10698.0, 10928.0, 11157.0, 11383.0]",179532,316612,317612,NA,215271,NA,NA,NA,NA,NA,2656,63958,64472,80754,64472,132428,2635,NA,155892,321420,316611,46932,2634,334772,BTA (Zapotec RC script),0,0,0,no,321425,no,1920,"[1004, 1029, 1061, 1126, 1206, 1263, 1318, 1384, 1483, 1582, 1645, 1698, 1740, 1768, 1787, 1804, 1815]","[892, 870, 845, 798, 733, 693, 654, 611, 545, 476, 411, 346, 272, 204, 156, 119, 102]"
# 2018-07-11 11:24:26.147000> starting trial 6 with item-cond 4-h,,,,,,,,,,,,,,,,,,,,,,,,,,,,,,,,,,,,,,,,,,,,,,,,,,,,,,,,,,,,,,,,,,,,,,,,,,,,,,,,,,,,,,,,,,,,,,,,,,,,,,,,,,,,,,,,,,,,,,,,,,,,,,,,,,,,,,,,
# 2018-07-11 11:24:28.928000> starting sentence audio 6 with item-cond 4-h,,,,,,,,,,,,,,,,,,,,,,,,,,,,,,,,,,,,,,,,,,,,,,,,,,,,,,,,,,,,,,,,,,,,,,,,,,,,,,,,,,,,,,,,,,,,,,,,,,,,,,,,,,,,,,,,,,,,,,,,,,,,,,,,,,,,,,,,
# 2018-07-11 11:24:28.938000 : Third practice trial at time 339131,,,,,,,,,,,,,,,,,,,,,,,,,,,,,,,,,,,,,,,,,,,,,,,,,,,,,,,,,,,,,,,,,,,,,,,,,,,,,,,,,,,,,,,,,,,,,,,,,,,,,,,,,,,,,,,,,,,,,,,,,,,,,,,,,,,,,,,,
11644,undefined,undefined,undefined,undefined,black,no,legacy,legacy,legacy,0,336350,relative,undefined,undefined,0,6,6,NA,0,NA,NA,NA,NA,NA,0,0,0,0,0,0,0,0,0,6,6,0,0,6,h,4,undefined,1381,825,yes,7/11/2018 11:18,NA,Executes Python code,yes,,yes,bta_beta.osexp,C:/Users/z.lab1/Desktop/Final,"[339116, 339122, 339348, 339562, 339782, 340024, 340262, 340503, 340734, 340980, 341192, 341403, 341617, 341830, 342045, 342283, 342518, 342759, 342988, 343232, 343441, 343650, 343860, 344069, 344289, 344527, 344763, 344993, 345231, 345478, 345686, 345896, 346109, 346321, 346542, 346785, 347030, 347279, 347534, 347751, 347967, 348186, 348405, 348632, 348880, 349129, 349386, 349640, 349863, 350082, 350300, 350518, 350755]",0,NA,no,serif,no,18,no,white,no,no,1080,4,4,legacy,6,6,0,C:/Users/z.lab1/Desktop/Final/subject-148.csv,legacy,Kafkaesque Koffka,3.2.4,5b2998ae04fe52000ecbb503,left,0,"(82, 464)",flower,yes,no,no,"0,0",0,1,1,NA,44272,44272,NA,2,legacy,1024,2,44100,-16,NA,experiment,148,even,droid,"[6995.0, 7208.0, 7428.0, 7671.0, 7916.0, 8166.0, 8421.0, 8638.0, 8854.0, 9072.0, 9291.0, 9518.0, 9767.0, 10016.0, 10273.0, 10526.0]",179532,335340,336341,NA,215271,NA,NA,NA,NA,NA,2656,63958,64472,80754,64472,132428,2635,NA,155892,339111,335339,46932,2634,350996,BTA (Zapotec RC script),0,0,0,no,339116,no,1920,"[893, 836, 786, 728, 646, 556, 470, 407, 345, 278, 221, 160, 125, 106, 99, 97]","[898, 859, 819, 776, 699, 608, 524, 461, 402, 339, 272, 205, 147, 116, 98, 95]"
# 2018-07-11 11:24:42.405000> starting trial 7 with item-cond 18-f,,,,,,,,,,,,,,,,,,,,,,,,,,,,,,,,,,,,,,,,,,,,,,,,,,,,,,,,,,,,,,,,,,,,,,,,,,,,,,,,,,,,,,,,,,,,,,,,,,,,,,,,,,,,,,,,,,,,,,,,,,,,,,,,,,,,,,,,
# 2018-07-11 11:24:45.188000> starting sentence audio 7 with item-cond 18-f,,,,,,,,,,,,,,,,,,,,,,,,,,,,,,,,,,,,,,,,,,,,,,,,,,,,,,,,,,,,,,,,,,,,,,,,,,,,,,,,,,,,,,,,,,,,,,,,,,,,,,,,,,,,,,,,,,,,,,,,,,,,,,,,,,,,,,,,
# 2018-07-11 11:24:45.199000 : Third practice trial at time 355393,,,,,,,,,,,,,,,,,,,,,,,,,,,,,,,,,,,,,,,,,,,,,,,,,,,,,,,,,,,,,,,,,,,,,,,,,,,,,,,,,,,,,,,,,,,,,,,,,,,,,,,,,,,,,,,,,,,,,,,,,,,,,,,,,,,,,,,,
15372,undefined,undefined,undefined,undefined,black,no,legacy,legacy,legacy,0,352607,relative,undefined,undefined,0,7,7,NA,0,NA,NA,NA,NA,NA,0,0,0,0,0,0,0,0,0,7,7,0,0,7,f,18,undefined,1381,825,yes,7/11/2018 11:18,NA,Executes Python code,yes,,yes,bta_beta.osexp,C:/Users/z.lab1/Desktop/Final,"[355376, 355382, 355609, 355822, 356054, 356300, 356538, 356776, 357030, 357251, 357464, 357678, 357892, 358112, 358359, 358606, 358851, 359103, 359329, 359548, 359767, 359986, 360212, 360456, 360705, 360957, 361214, 361442, 361659, 361875, 362098, 362333, 362591, 362852, 363113, 363373, 363594, 363817, 364039, 364262, 364500, 364758, 365019, 365279, 365538, 365763, 365987, 366211, 366433, 366673, 366930, 367190, 367461, 367687, 367911, 368132, 368354, 368588, 368844, 369103, 369369, 369593, 369811, 370030, 370249, 370482, 370744]",0,NA,no,serif,no,18,no,white,no,no,1080,18,18,legacy,7,7,0,C:/Users/z.lab1/Desktop/Final/subject-148.csv,legacy,Kafkaesque Koffka,3.2.4,5b2998ae04fe52000ecbb503,left,0,"(88, 445)",tortilla,yes,no,no,"0,0",0,1,1,NA,44272,44272,NA,2,legacy,1024,2,44100,-16,NA,experiment,148,even,droid,"[6959.0, 7218.0, 7478.0, 7741.0, 8000.0, 8221.0, 8443.0, 8665.0, 8888.0, 9127.0, 9384.0, 9645.0, 9905.0, 10165.0, 10389.0]",179532,351599,352599,NA,215271,NA,NA,NA,NA,NA,2656,63958,64472,80754,64472,132428,2635,NA,155892,355371,351598,46932,2634,370996,BTA (Zapotec RC script),0,0,0,no,355376,no,1920,"[816, 706, 601, 506, 432, 384, 344, 306, 278, 247, 197, 138, 104, 87, 81]","[839, 767, 697, 618, 535, 482, 430, 377, 330, 275, 208, 150, 119, 100, 90]"
# 2018-07-11 11:25:09.638000> starting trial 8 with item-cond 24-d,,,,,,,,,,,,,,,,,,,,,,,,,,,,,,,,,,,,,,,,,,,,,,,,,,,,,,,,,,,,,,,,,,,,,,,,,,,,,,,,,,,,,,,,,,,,,,,,,,,,,,,,,,,,,,,,,,,,,,,,,,,,,,,,,,,,,,,,
# 2018-07-11 11:25:14.928000> starting sentence audio 8 with item-cond 24-d,,,,,,,,,,,,,,,,,,,,,,,,,,,,,,,,,,,,,,,,,,,,,,,,,,,,,,,,,,,,,,,,,,,,,,,,,,,,,,,,,,,,,,,,,,,,,,,,,,,,,,,,,,,,,,,,,,,,,,,,,,,,,,,,,,,,,,,,
# 2018-07-11 11:25:14.938000 : Third practice trial at time 385131,,,,,,,,,,,,,,,,,,,,,,,,,,,,,,,,,,,,,,,,,,,,,,,,,,,,,,,,,,,,,,,,,,,,,,,,,,,,,,,,,,,,,,,,,,,,,,,,,,,,,,,,,,,,,,,,,,,,,,,,,,,,,,,,,,,,,,,,
16935,undefined,undefined,undefined,undefined,black,no,legacy,legacy,legacy,0,379840,relative,undefined,undefined,0,8,8,NA,0,NA,NA,NA,NA,NA,0,0,0,0,0,0,0,0,0,8,8,0,0,8,d,24,undefined,1381,825,yes,7/11/2018 11:18,NA,Executes Python code,yes,,yes,bta_beta.osexp,C:/Users/z.lab1/Desktop/Final,"[385116, 385121, 385352, 385570, 385789, 386012, 386242, 386492, 386744, 386999, 387259, 387498, 387720, 387942, 388164, 388386, 388627, 388877, 389133, 389388, 389641, 389862, 390080, 390298, 390516, 390739, 390991, 391244, 391493, 391740, 391990, 392210, 392430, 392650, 392870, 393102, 393356, 393615, 393868, 394124, 394344, 394567, 394786, 395006, 395235, 395478, 395733, 395992, 396252, 396476, 396699, 396926, 397151, 397389, 397650, 397919, 398186, 398447, 398671, 398894, 399118, 399342, 399588, 399851, 400116, 400389, 400651, 400874, 401095, 401316, 401542, 401788, 402047]",0,NA,no,serif,no,18,no,white,no,no,1080,24,24,legacy,8,8,0,C:/Users/z.lab1/Desktop/Final/subject-148.csv,legacy,Kafkaesque Koffka,3.2.4,5b2998ae04fe52000ecbb503,left,0,"(91, 438)",flower,yes,no,no,"0,0",0,1,1,NA,44272,44272,NA,2,legacy,1024,2,44100,-16,NA,experiment,148,even,droid,"[12037.0, 12276.0, 12536.0, 12805.0, 13073.0, 13333.0, 13557.0, 13780.0, 14005.0, 14228.0, 14474.0, 14737.0, 15003.0, 15275.0]",179532,378831,379831,NA,215271,NA,NA,NA,NA,NA,2656,63958,64472,80754,64472,132428,2635,NA,155892,385111,378831,46932,2634,402302,BTA (Zapotec RC script),0,0,0,no,385116,no,1920,"[808, 719, 643, 545, 456, 379, 319, 264, 214, 174, 146, 127, 111, 103]","[845, 782, 727, 654, 559, 474, 386, 318, 259, 203, 154, 121, 100, 96]"
# 2018-07-11 11:25:33.683000> starting trial 9 with item-cond 5-a,,,,,,,,,,,,,,,,,,,,,,,,,,,,,,,,,,,,,,,,,,,,,,,,,,,,,,,,,,,,,,,,,,,,,,,,,,,,,,,,,,,,,,,,,,,,,,,,,,,,,,,,,,,,,,,,,,,,,,,,,,,,,,,,,,,,,,,,
# 2018-07-11 11:25:36.288000> starting sentence audio 9 with item-cond 5-a,,,,,,,,,,,,,,,,,,,,,,,,,,,,,,,,,,,,,,,,,,,,,,,,,,,,,,,,,,,,,,,,,,,,,,,,,,,,,,,,,,,,,,,,,,,,,,,,,,,,,,,,,,,,,,,,,,,,,,,,,,,,,,,,,,,,,,,,
# 2018-07-11 11:25:36.299000 : Third practice trial at time 406492,,,,,,,,,,,,,,,,,,,,,,,,,,,,,,,,,,,,,,,,,,,,,,,,,,,,,,,,,,,,,,,,,,,,,,,,,,,,,,,,,,,,,,,,,,,,,,,,,,,,,,,,,,,,,,,,,,,,,,,,,,,,,,,,,,,,,,,,
12107,undefined,undefined,undefined,undefined,black,no,legacy,legacy,legacy,0,403886,relative,undefined,undefined,0,9,9,NA,0,NA,NA,NA,NA,NA,0,0,0,0,0,0,0,0,0,9,9,0,0,9,a,5,undefined,1381,825,yes,7/11/2018 11:18,NA,Executes Python code,yes,,yes,bta_beta.osexp,C:/Users/z.lab1/Desktop/Final,"[406476, 406481, 406702, 406931, 407166, 407401, 407622, 407853, 408066, 408269, 408472, 408674, 408876, 409102, 409328, 409557, 409791, 410022, 410249, 410452, 410656, 410860, 411068, 411281, 411509, 411733, 411968, 412203, 412442, 412659, 412865, 413074, 413283, 413491, 413731, 413973, 414220, 414469, 414717, 414929, 415140, 415353, 415563, 415784, 416029, 416275, 416520, 416774, 416987, 417200, 417413, 417619, 417836, 418081, 418327, 418576]",0,NA,no,serif,no,18,no,white,no,no,1080,5,5,legacy,9,9,0,C:/Users/z.lab1/Desktop/Final/subject-148.csv,legacy,Kafkaesque Koffka,3.2.4,5b2998ae04fe52000ecbb503,left,0,"(94, 450)",star,yes,no,no,"0,0",0,1,1,NA,44272,44272,NA,2,legacy,1024,2,44100,-16,NA,experiment,148,even,droid,"[6601.0, 6809.0, 7017.0, 7257.0, 7501.0, 7747.0, 7995.0, 8243.0, 8455.0, 8668.0, 8879.0, 9089.0, 9311.0, 9555.0, 9804.0, 10046.0, 10300.0, 10513.0]",179532,402876,403876,NA,215271,NA,NA,NA,NA,NA,2656,63958,64472,80754,64472,132428,2635,NA,155892,406471,402875,46932,2634,418809,BTA (Zapotec RC script),0,0,0,no,406476,no,1920,"[936, 925, 906, 866, 777, 669, 579, 498, 417, 353, 294, 244, 182, 132, 110, 95, 89, 93]","[920, 910, 899, 872, 828, 779, 734, 686, 636, 579, 527, 468, 383, 275, 206, 151, 113, 100]"
# 2018-07-11 11:25:50.143000> starting trial 10 with item-cond 6-b,,,,,,,,,,,,,,,,,,,,,,,,,,,,,,,,,,,,,,,,,,,,,,,,,,,,,,,,,,,,,,,,,,,,,,,,,,,,,,,,,,,,,,,,,,,,,,,,,,,,,,,,,,,,,,,,,,,,,,,,,,,,,,,,,,,,,,,,
# 2018-07-11 11:25:52.757000> starting sentence audio 10 with item-cond 6-b,,,,,,,,,,,,,,,,,,,,,,,,,,,,,,,,,,,,,,,,,,,,,,,,,,,,,,,,,,,,,,,,,,,,,,,,,,,,,,,,,,,,,,,,,,,,,,,,,,,,,,,,,,,,,,,,,,,,,,,,,,,,,,,,,,,,,,,,
# 2018-07-11 11:25:52.767000 : Third practice trial at time 422961,,,,,,,,,,,,,,,,,,,,,,,,,,,,,,,,,,,,,,,,,,,,,,,,,,,,,,,,,,,,,,,,,,,,,,,,,,,,,,,,,,,,,,,,,,,,,,,,,,,,,,,,,,,,,,,,,,,,,,,,,,,,,,,,,,,,,,,,
10744,undefined,undefined,undefined,undefined,black,no,legacy,legacy,legacy,0,420346,relative,undefined,undefined,0,10,10,NA,0,NA,NA,NA,NA,NA,0,0,0,0,0,0,0,0,0,10,10,0,0,10,b,6,undefined,1381,825,yes,7/11/2018 11:18,NA,Executes Python code,yes,,yes,bta_beta.osexp,C:/Users/z.lab1/Desktop/Final,"[422945, 422950, 423173, 423397, 423625, 423851, 424084, 424320, 424521, 424723, 424924, 425126, 425328, 425552, 425789, 426027, 426260, 426499, 426709, 426915, 427119, 427325, 427537, 427772, 428007, 428247, 428491, 428716, 428927, 429136, 429352, 429563, 429806, 430051, 430300, 430547, 430794, 431004, 431214, 431431, 431642, 431860, 432105, 432360, 432611, 432851, 433058, 433266, 433473, 433684]",0,NA,no,serif,no,18,no,white,no,no,1080,6,6,legacy,10,10,0,C:/Users/z.lab1/Desktop/Final/subject-148.csv,legacy,Kafkaesque Koffka,3.2.4,5b2998ae04fe52000ecbb503,right,0,"(1788, 484)",tortilla,yes,no,no,"0,0",0,1,1,NA,44272,44272,NA,2,legacy,1024,2,44100,-16,NA,experiment,148,even,droid,"[5984.0, 6193.0, 6409.0, 6622.0, 6864.0, 7108.0, 7357.0, 7605.0, 7851.0, 8061.0, 8273.0, 8490.0, 8699.0, 8917.0, 9162.0]",179532,419337,420337,NA,215271,NA,NA,NA,NA,NA,2656,63958,64472,80754,64472,132428,2635,NA,155892,422940,419336,46932,2634,433901,BTA (Zapotec RC script),0,0,0,no,422945,no,1920,"[1048, 1095, 1162, 1232, 1311, 1391, 1486, 1571, 1630, 1675, 1717, 1754, 1796, 1816, 1822]","[884, 846, 800, 747, 678, 612, 536, 464, 398, 341, 288, 220, 154, 120, 104]"
# 2018-07-11 11:26:05.331000> starting trial 11 with item-cond 9-e,,,,,,,,,,,,,,,,,,,,,,,,,,,,,,,,,,,,,,,,,,,,,,,,,,,,,,,,,,,,,,,,,,,,,,,,,,,,,,,,,,,,,,,,,,,,,,,,,,,,,,,,,,,,,,,,,,,,,,,,,,,,,,,,,,,,,,,,
# 2018-07-11 11:26:07.969000> starting sentence audio 11 with item-cond 9-e,,,,,,,,,,,,,,,,,,,,,,,,,,,,,,,,,,,,,,,,,,,,,,,,,,,,,,,,,,,,,,,,,,,,,,,,,,,,,,,,,,,,,,,,,,,,,,,,,,,,,,,,,,,,,,,,,,,,,,,,,,,,,,,,,,,,,,,,
# 2018-07-11 11:26:07.978000 : Third practice trial at time 438171,,,,,,,,,,,,,,,,,,,,,,,,,,,,,,,,,,,,,,,,,,,,,,,,,,,,,,,,,,,,,,,,,,,,,,,,,,,,,,,,,,,,,,,,,,,,,,,,,,,,,,,,,,,,,,,,,,,,,,,,,,,,,,,,,,,,,,,,
11253,undefined,undefined,undefined,undefined,black,no,legacy,legacy,legacy,0,435535,relative,undefined,undefined,0,11,11,NA,0,NA,NA,NA,NA,NA,0,0,0,0,0,0,0,0,0,11,11,0,0,11,e,9,undefined,1381,825,yes,7/11/2018 11:18,NA,Executes Python code,yes,,yes,bta_beta.osexp,C:/Users/z.lab1/Desktop/Final,"[438156, 438162, 438388, 438602, 438816, 439055, 439297, 439540, 439785, 440033, 440279, 440499, 440715, 440929, 441142, 441364, 441605, 441851, 442097, 442337, 442578, 442797, 443016, 443235, 443454, 443679, 443922, 444166, 444402, 444640, 444886, 445107, 445330, 445557, 445783, 446019, 446273, 446529, 446785, 447043, 447267, 447488, 447711, 447935, 448172, 448428, 448685, 448946, 449179, 449404]",0,NA,no,serif,no,18,no,white,no,no,1080,9,9,legacy,11,11,0,C:/Users/z.lab1/Desktop/Final/subject-148.csv,legacy,Kafkaesque Koffka,3.2.4,5b2998ae04fe52000ecbb503,left,0,"(77, 462)",star,yes,no,no,"0,0",0,1,1,NA,44272,44272,NA,2,legacy,1024,2,44100,-16,NA,experiment,148,even,droid,"[7405.0, 7630.0, 7865.0, 8119.0, 8375.0, 8631.0, 8890.0, 9113.0, 9334.0, 9558.0, 9781.0]",179532,434525,435525,NA,215271,NA,NA,NA,NA,NA,2656,63958,64472,80754,64472,132428,2635,NA,155892,438151,434524,46932,2634,449619,BTA (Zapotec RC script),0,0,0,no,438156,no,1920,"[750, 659, 567, 444, 337, 251, 179, 149, 133, 110, 102]","[843, 786, 723, 618, 472, 344, 235, 177, 146, 121, 106]"
# 2018-07-11 11:26:20.955000> starting trial 12 with item-cond 15-c,,,,,,,,,,,,,,,,,,,,,,,,,,,,,,,,,,,,,,,,,,,,,,,,,,,,,,,,,,,,,,,,,,,,,,,,,,,,,,,,,,,,,,,,,,,,,,,,,,,,,,,,,,,,,,,,,,,,,,,,,,,,,,,,,,,,,,,,
# 2018-07-11 11:26:24.198000> starting sentence audio 12 with item-cond 15-c,,,,,,,,,,,,,,,,,,,,,,,,,,,,,,,,,,,,,,,,,,,,,,,,,,,,,,,,,,,,,,,,,,,,,,,,,,,,,,,,,,,,,,,,,,,,,,,,,,,,,,,,,,,,,,,,,,,,,,,,,,,,,,,,,,,,,,,,
# 2018-07-11 11:26:24.207000 : Third practice trial at time 454401,,,,,,,,,,,,,,,,,,,,,,,,,,,,,,,,,,,,,,,,,,,,,,,,,,,,,,,,,,,,,,,,,,,,,,,,,,,,,,,,,,,,,,,,,,,,,,,,,,,,,,,,,,,,,,,,,,,,,,,,,,,,,,,,,,,,,,,,
12418,undefined,undefined,undefined,undefined,black,no,legacy,legacy,legacy,0,451158,relative,undefined,undefined,0,12,12,NA,0,NA,NA,NA,NA,NA,0,0,0,0,0,0,0,0,0,12,12,0,0,12,c,15,undefined,1381,825,yes,7/11/2018 11:18,NA,Executes Python code,yes,,yes,bta_beta.osexp,C:/Users/z.lab1/Desktop/Final,"[454386, 454391, 454626, 454880, 455138, 455389, 455649, 455881, 456106, 456327, 456549, 456775, 457024, 457280, 457528, 457785, 458028, 458250, 458471, 458692, 458916, 459172, 459430, 459688, 459948, 460200, 460421, 460642, 460863, 461085, 461317, 461571, 461830, 462084, 462354, 462589, 462817, 463047, 463275, 463516, 463777, 464047, 464315, 464579, 464812, 465043, 465275, 465506, 465756, 466024, 466294, 466571, 466800]",0,NA,no,serif,no,18,no,white,no,no,1080,15,15,legacy,12,12,0,C:/Users/z.lab1/Desktop/Final/subject-148.csv,legacy,Kafkaesque Koffka,3.2.4,5b2998ae04fe52000ecbb503,left,0,"(86, 480)",leaf,yes,no,no,"0,0",0,1,1,NA,44272,44272,NA,2,legacy,1024,2,44100,-16,NA,experiment,148,even,droid,"[8206.0, 8433.0, 8663.0, 8891.0, 9132.0, 9393.0, 9663.0, 9931.0, 10195.0, 10428.0, 10660.0, 10891.0]",179532,450149,451149,NA,215271,NA,NA,NA,NA,NA,2656,63958,64472,80754,64472,132428,2635,NA,155892,454380,450148,46932,2634,467024,BTA (Zapotec RC script),0,0,0,no,454386,no,1920,"[832, 752, 683, 623, 535, 436, 325, 218, 155, 128, 120, 120]","[877, 832, 789, 749, 686, 593, 456, 312, 214, 145, 121, 118]"
# 2018-07-11 11:26:38.353000> starting trial 13 with item-cond 17-e,,,,,,,,,,,,,,,,,,,,,,,,,,,,,,,,,,,,,,,,,,,,,,,,,,,,,,,,,,,,,,,,,,,,,,,,,,,,,,,,,,,,,,,,,,,,,,,,,,,,,,,,,,,,,,,,,,,,,,,,,,,,,,,,,,,,,,,,
# 2018-07-11 11:26:42.349000> starting sentence audio 13 with item-cond 17-e,,,,,,,,,,,,,,,,,,,,,,,,,,,,,,,,,,,,,,,,,,,,,,,,,,,,,,,,,,,,,,,,,,,,,,,,,,,,,,,,,,,,,,,,,,,,,,,,,,,,,,,,,,,,,,,,,,,,,,,,,,,,,,,,,,,,,,,,
# 2018-07-11 11:26:42.358000 : Third practice trial at time 472552,,,,,,,,,,,,,,,,,,,,,,,,,,,,,,,,,,,,,,,,,,,,,,,,,,,,,,,,,,,,,,,,,,,,,,,,,,,,,,,,,,,,,,,,,,,,,,,,,,,,,,,,,,,,,,,,,,,,,,,,,,,,,,,,,,,,,,,,
14373,undefined,undefined,undefined,undefined,black,no,legacy,legacy,legacy,0,468556,relative,undefined,undefined,0,13,13,NA,0,NA,NA,NA,NA,NA,0,0,0,0,0,0,0,0,0,13,13,0,0,13,e,17,undefined,1381,825,yes,7/11/2018 11:18,NA,Executes Python code,yes,,yes,bta_beta.osexp,C:/Users/z.lab1/Desktop/Final,"[472537, 472542, 472768, 472980, 473215, 473458, 473706, 473950, 474201, 474440, 474657, 474874, 475090, 475307, 475549, 475790, 476026, 476261, 476507, 476737, 476955, 477171, 477387, 477604, 477839, 478085, 478325, 478562, 478804, 479019, 479233, 479452, 479673, 479908, 480164, 480423, 480682, 480942, 481161, 481383, 481604, 481825, 482058, 482312, 482573, 482839, 483094, 483312, 483529, 483746, 483963, 484201, 484464, 484731, 484997, 485224, 485446, 485666, 485886, 486119, 486377, 486638, 486905]",0,NA,no,serif,no,18,no,white,no,no,1080,17,17,legacy,13,13,0,C:/Users/z.lab1/Desktop/Final/subject-148.csv,legacy,Kafkaesque Koffka,3.2.4,5b2998ae04fe52000ecbb503,right,0,"(1802, 474)",star,yes,no,no,"0,0",0,1,1,NA,44272,44272,NA,2,legacy,1024,2,44100,-16,NA,experiment,148,even,droid,"[7373.0, 7630.0, 7888.0, 8148.0, 8407.0, 8626.0, 8848.0, 9070.0, 9290.0, 9523.0, 9778.0, 10038.0, 10305.0]",179532,467547,468547,NA,215271,NA,NA,NA,NA,NA,2656,63958,64472,80754,64472,132428,2635,NA,155892,472531,467546,46932,2634,487133,BTA (Zapotec RC script),0,0,0,no,472537,no,1920,"[1052, 1134, 1230, 1356, 1489, 1588, 1661, 1708, 1751, 1786, 1808, 1820, 1825]","[898, 853, 796, 718, 613, 508, 418, 330, 255, 180, 131, 95, 85]"
# 2018-07-11 11:26:58.471000> starting trial 14 with item-cond 16-d,,,,,,,,,,,,,,,,,,,,,,,,,,,,,,,,,,,,,,,,,,,,,,,,,,,,,,,,,,,,,,,,,,,,,,,,,,,,,,,,,,,,,,,,,,,,,,,,,,,,,,,,,,,,,,,,,,,,,,,,,,,,,,,,,,,,,,,,
# 2018-07-11 11:27:01.418000> starting sentence audio 14 with item-cond 16-d,,,,,,,,,,,,,,,,,,,,,,,,,,,,,,,,,,,,,,,,,,,,,,,,,,,,,,,,,,,,,,,,,,,,,,,,,,,,,,,,,,,,,,,,,,,,,,,,,,,,,,,,,,,,,,,,,,,,,,,,,,,,,,,,,,,,,,,,
# 2018-07-11 11:27:01.429000 : Third practice trial at time 491622,,,,,,,,,,,,,,,,,,,,,,,,,,,,,,,,,,,,,,,,,,,,,,,,,,,,,,,,,,,,,,,,,,,,,,,,,,,,,,,,,,,,,,,,,,,,,,,,,,,,,,,,,,,,,,,,,,,,,,,,,,,,,,,,,,,,,,,,
14428,undefined,undefined,undefined,undefined,black,no,legacy,legacy,legacy,0,488674,relative,undefined,undefined,0,14,14,NA,0,NA,NA,NA,NA,NA,0,0,0,0,0,0,0,0,0,14,14,0,0,14,d,16,undefined,1381,825,yes,7/11/2018 11:18,NA,Executes Python code,yes,,yes,bta_beta.osexp,C:/Users/z.lab1/Desktop/Final,"[491606, 491611, 491857, 492088, 492319, 492578, 492844, 493113, 493381, 493643, 493874, 494106, 494336, 494575, 494837, 495095, 495356, 495620, 495850, 496076, 496303, 496535, 496784, 497046, 497310, 497565, 497830, 498058, 498286, 498522, 498760, 499018, 499294, 499572, 499855, 500109, 500341, 500574, 500809, 501055, 501329, 501608, 501893, 502157, 502392, 502628, 502867, 503116, 503391, 503674, 503965, 504202, 504437, 504672, 504906, 505170, 505446, 505726, 506028]",0,NA,no,serif,no,18,no,white,no,no,1080,16,16,legacy,14,14,0,C:/Users/z.lab1/Desktop/Final/subject-148.csv,legacy,Kafkaesque Koffka,3.2.4,5b2998ae04fe52000ecbb503,right,0,"(1810, 436)",flower,yes,no,no,"0,0",0,1,1,NA,44272,44272,NA,2,legacy,1024,2,44100,-16,NA,experiment,148,even,droid,"[7157.0, 7415.0, 7690.0, 7969.0, 8251.0, 8505.0, 8739.0, 8972.0, 9206.0, 9451.0, 9725.0, 10006.0, 10291.0]",179532,487665,488665,NA,215271,NA,NA,NA,NA,NA,2656,63958,64472,80754,64472,132428,2635,NA,155892,491600,487664,46932,2634,506262,BTA (Zapotec RC script),0,0,0,no,491606,no,1920,"[1053, 1195, 1323, 1463, 1596, 1683, 1718, 1733, 1752, 1772, 1792, 1808, 1820]","[903, 860, 803, 706, 570, 433, 343, 283, 229, 181, 145, 120, 98]"
# 2018-07-11 11:27:17.570000> starting trial 15 with item-cond 8-d,,,,,,,,,,,,,,,,,,,,,,,,,,,,,,,,,,,,,,,,,,,,,,,,,,,,,,,,,,,,,,,,,,,,,,,,,,,,,,,,,,,,,,,,,,,,,,,,,,,,,,,,,,,,,,,,,,,,,,,,,,,,,,,,,,,,,,,,
# 2018-07-11 11:27:20.778000> starting sentence audio 15 with item-cond 8-d,,,,,,,,,,,,,,,,,,,,,,,,,,,,,,,,,,,,,,,,,,,,,,,,,,,,,,,,,,,,,,,,,,,,,,,,,,,,,,,,,,,,,,,,,,,,,,,,,,,,,,,,,,,,,,,,,,,,,,,,,,,,,,,,,,,,,,,,
# 2018-07-11 11:27:20.788000 : Third practice trial at time 510981,,,,,,,,,,,,,,,,,,,,,,,,,,,,,,,,,,,,,,,,,,,,,,,,,,,,,,,,,,,,,,,,,,,,,,,,,,,,,,,,,,,,,,,,,,,,,,,,,,,,,,,,,,,,,,,,,,,,,,,,,,,,,,,,,,,,,,,,
10327,undefined,undefined,undefined,undefined,black,no,legacy,legacy,legacy,0,507773,relative,undefined,undefined,0,15,15,NA,0,NA,NA,NA,NA,NA,0,0,0,0,0,0,0,0,0,15,15,0,0,15,d,8,undefined,1381,825,yes,7/11/2018 11:18,NA,Executes Python code,yes,,yes,bta_beta.osexp,C:/Users/z.lab1/Desktop/Final,"[510965, 510971, 511177, 511369, 511581, 511791, 512011, 512226, 512445, 512666, 512865, 513062, 513258, 513455, 513649, 513857, 514074, 514290, 514506, 514719, 514937, 515138, 515334, 515529, 515724, 515920, 516124, 516345, 516565, 516781, 517009, 517227, 517426, 517624, 517825, 518022, 518223, 518449, 518678, 518908, 519136, 519367, 519568, 519768, 519968, 520169, 520369, 520600, 520827, 521054, 521288]",0,NA,no,serif,no,18,no,white,no,no,1080,8,8,legacy,15,15,0,C:/Users/z.lab1/Desktop/Final/subject-148.csv,legacy,Kafkaesque Koffka,3.2.4,5b2998ae04fe52000ecbb503,right,0,"(1793, 483)",flower,yes,no,no,"0,0",0,1,1,NA,44272,44272,NA,2,legacy,1024,2,44100,-16,NA,experiment,148,even,droid,"[6861.0, 7058.0, 7260.0, 7485.0, 7714.0, 7944.0, 8173.0, 8403.0, 8605.0, 8804.0, 9004.0, 9206.0, 9405.0]",179532,506764,507764,NA,215271,NA,NA,NA,NA,NA,2656,63958,64472,80754,64472,132428,2635,NA,155892,510960,506763,46932,2634,521494,BTA (Zapotec RC script),0,0,0,no,510965,no,1920,"[1099, 1187, 1281, 1418, 1553, 1665, 1732, 1788, 1819, 1835, 1842, 1843, 1840]","[883, 823, 748, 639, 517, 376, 281, 210, 163, 130, 109, 101, 102]"
# 2018-07-11 11:27:33.023000> starting trial 16 with item-cond 12-h,,,,,,,,,,,,,,,,,,,,,,,,,,,,,,,,,,,,,,,,,,,,,,,,,,,,,,,,,,,,,,,,,,,,,,,,,,,,,,,,,,,,,,,,,,,,,,,,,,,,,,,,,,,,,,,,,,,,,,,,,,,,,,,,,,,,,,,,
# 2018-07-11 11:27:37.428000> starting sentence audio 16 with item-cond 12-h,,,,,,,,,,,,,,,,,,,,,,,,,,,,,,,,,,,,,,,,,,,,,,,,,,,,,,,,,,,,,,,,,,,,,,,,,,,,,,,,,,,,,,,,,,,,,,,,,,,,,,,,,,,,,,,,,,,,,,,,,,,,,,,,,,,,,,,,
# 2018-07-11 11:27:37.439000 : Third practice trial at time 527633,,,,,,,,,,,,,,,,,,,,,,,,,,,,,,,,,,,,,,,,,,,,,,,,,,,,,,,,,,,,,,,,,,,,,,,,,,,,,,,,,,,,,,,,,,,,,,,,,,,,,,,,,,,,,,,,,,,,,,,,,,,,,,,,,,,,,,,,
11908,undefined,undefined,undefined,undefined,black,no,legacy,legacy,legacy,0,523226,relative,undefined,undefined,0,16,16,NA,0,NA,NA,NA,NA,NA,0,0,0,0,0,0,0,0,0,16,16,0,0,16,h,12,undefined,1381,825,yes,7/11/2018 11:18,NA,Executes Python code,yes,,yes,bta_beta.osexp,C:/Users/z.lab1/Desktop/Final,"[527616, 527621, 527849, 528086, 528316, 528552, 528788, 529023, 529253, 529466, 529677, 529885, 530094, 530308, 530542, 530780, 531016, 531252, 531493, 531706, 531919, 532131, 532344, 532564, 532805, 533043, 533273, 533505, 533745, 533953, 534161, 534369, 534577, 534798, 535036, 535292, 535544, 535797, 536013, 536230, 536447, 536664, 536892, 537141, 537396, 537647, 537912, 538130, 538349, 538566, 538782, 539013, 539261, 539519]",0,NA,no,serif,no,18,no,white,no,no,1080,12,12,legacy,16,16,0,C:/Users/z.lab1/Desktop/Final/subject-148.csv,legacy,Kafkaesque Koffka,3.2.4,5b2998ae04fe52000ecbb503,right,0,"(1799, 442)",flower,yes,no,no,"0,0",0,1,1,NA,44272,44272,NA,2,legacy,1024,2,44100,-16,NA,experiment,148,even,droid,"[7678.0, 7930.0, 8183.0, 8399.0, 8616.0, 8833.0, 9050.0, 9278.0, 9527.0, 9782.0, 10033.0, 10298.0]",179532,522217,523217,NA,215271,NA,NA,NA,NA,NA,2656,63958,64472,80754,64472,132428,2635,NA,155892,527611,522216,46932,2634,539767,BTA (Zapotec RC script),0,0,0,no,527616,no,1920,"[1217, 1345, 1452, 1535, 1597, 1648, 1698, 1754, 1788, 1806, 1816, 1824]","[845, 761, 675, 590, 503, 421, 341, 264, 199, 148, 118, 97]"
# 2018-07-11 11:27:51.100000> starting trial 17 with item-cond 7-c,,,,,,,,,,,,,,,,,,,,,,,,,,,,,,,,,,,,,,,,,,,,,,,,,,,,,,,,,,,,,,,,,,,,,,,,,,,,,,,,,,,,,,,,,,,,,,,,,,,,,,,,,,,,,,,,,,,,,,,,,,,,,,,,,,,,,,,,
# 2018-07-11 11:27:53.588000> starting sentence audio 17 with item-cond 7-c,,,,,,,,,,,,,,,,,,,,,,,,,,,,,,,,,,,,,,,,,,,,,,,,,,,,,,,,,,,,,,,,,,,,,,,,,,,,,,,,,,,,,,,,,,,,,,,,,,,,,,,,,,,,,,,,,,,,,,,,,,,,,,,,,,,,,,,,
# 2018-07-11 11:27:53.599000 : Third practice trial at time 543793,,,,,,,,,,,,,,,,,,,,,,,,,,,,,,,,,,,,,,,,,,,,,,,,,,,,,,,,,,,,,,,,,,,,,,,,,,,,,,,,,,,,,,,,,,,,,,,,,,,,,,,,,,,,,,,,,,,,,,,,,,,,,,,,,,,,,,,,
15924,undefined,undefined,undefined,undefined,black,no,legacy,legacy,legacy,0,541302,relative,undefined,undefined,0,17,17,NA,0,NA,NA,NA,NA,NA,0,0,0,0,0,0,0,0,0,17,17,0,0,17,c,7,undefined,1381,825,yes,7/11/2018 11:18,NA,Executes Python code,yes,,yes,bta_beta.osexp,C:/Users/z.lab1/Desktop/Final,"[543776, 543781, 544003, 544226, 544456, 544694, 544934, 545173, 545414, 545621, 545828, 546035, 546242, 546457, 546694, 546930, 547166, 547410, 547652, 547860, 548067, 548275, 548483, 548695, 548927, 549157, 549390, 549634, 549872, 550078, 550284, 550486, 550689, 550899, 551132, 551370, 551612, 551856, 552069, 552282, 552499, 552711, 552935, 553182, 553433, 553685, 553936, 554147, 554359, 554574, 554788, 555010, 555259, 555512, 555758, 556015, 556237, 556450, 556663, 556877, 557103, 557352, 557601, 557849, 558105, 558318, 558529, 558743, 558958, 559184, 559437, 559695]",0,NA,no,serif,no,18,no,white,no,no,1080,7,7,legacy,17,17,0,C:/Users/z.lab1/Desktop/Final/subject-148.csv,legacy,Kafkaesque Koffka,3.2.4,5b2998ae04fe52000ecbb503,right,0,"(1804, 419)",leaf,yes,no,no,"0,0",0,1,1,NA,44272,44272,NA,2,legacy,1024,2,44100,-16,NA,experiment,148,even,droid,"[8725.0, 8937.0, 9162.0, 9408.0, 9659.0, 9911.0, 10162.0, 10374.0, 10585.0, 10802.0, 11014.0, 11237.0, 11486.0, 11738.0, 11985.0, 12241.0, 12463.0, 12677.0, 12889.0, 13104.0, 13329.0, 13578.0, 13827.0, 14076.0]",179532,540293,541293,NA,215271,NA,NA,NA,NA,NA,2656,63958,64472,80754,64472,132428,2635,NA,155892,543771,540292,46932,2634,559945,BTA (Zapotec RC script),0,0,0,no,543776,no,1920,"[884, 844, 829, 830, 843, 869, 902, 924, 935, 944, 970, 1074, 1210, 1351, 1448, 1541, 1614, 1667, 1704, 1740, 1774, 1799, 1814, 1830]","[875, 840, 824, 822, 832, 855, 894, 931, 953, 960, 953, 881, 774, 663, 574, 484, 393, 323, 274, 226, 181, 152, 136, 115]"
# 2018-07-11 11:28:11.433000> starting trial 18 with item-cond 23-c,,,,,,,,,,,,,,,,,,,,,,,,,,,,,,,,,,,,,,,,,,,,,,,,,,,,,,,,,,,,,,,,,,,,,,,,,,,,,,,,,,,,,,,,,,,,,,,,,,,,,,,,,,,,,,,,,,,,,,,,,,,,,,,,,,,,,,,,
# 2018-07-11 11:28:14.788000> starting sentence audio 18 with item-cond 23-c,,,,,,,,,,,,,,,,,,,,,,,,,,,,,,,,,,,,,,,,,,,,,,,,,,,,,,,,,,,,,,,,,,,,,,,,,,,,,,,,,,,,,,,,,,,,,,,,,,,,,,,,,,,,,,,,,,,,,,,,,,,,,,,,,,,,,,,,
# 2018-07-11 11:28:14.798000 : Third practice trial at time 564991,,,,,,,,,,,,,,,,,,,,,,,,,,,,,,,,,,,,,,,,,,,,,,,,,,,,,,,,,,,,,,,,,,,,,,,,,,,,,,,,,,,,,,,,,,,,,,,,,,,,,,,,,,,,,,,,,,,,,,,,,,,,,,,,,,,,,,,,
11837,undefined,undefined,undefined,undefined,black,no,legacy,legacy,legacy,0,561638,relative,undefined,undefined,0,18,18,NA,0,NA,NA,NA,NA,NA,0,0,0,0,0,0,0,0,0,18,18,0,0,18,c,23,undefined,1381,825,yes,7/11/2018 11:18,NA,Executes Python code,yes,,yes,bta_beta.osexp,C:/Users/z.lab1/Desktop/Final,"[564976, 564981, 565205, 565421, 565662, 565904, 566143, 566379, 566616, 566820, 567022, 567224, 567426, 567635, 567866, 568099, 568334, 568572, 568809, 569014, 569221, 569427, 569634, 569846, 570087, 570330, 570576, 570823, 571063, 571275, 571487, 571702, 571918, 572139, 572381, 572630, 572877, 573129, 573369, 573586, 573800, 574010, 574226, 574450, 574697, 574950, 575204, 575461, 575677, 575892, 576107, 576321, 576552, 576809]",0,NA,no,serif,no,18,no,white,no,no,1080,23,23,legacy,18,18,0,C:/Users/z.lab1/Desktop/Final/subject-148.csv,legacy,Kafkaesque Koffka,3.2.4,5b2998ae04fe52000ecbb503,left,0,"(75, 435)",leaf,yes,no,no,"0,0",0,1,1,NA,44272,44272,NA,2,legacy,1024,2,44100,-16,NA,experiment,148,even,droid,"[5849.0, 6090.0, 6301.0, 6514.0, 6729.0, 6943.0, 7166.0, 7407.0, 7657.0, 7903.0, 8156.0, 8395.0, 8613.0, 8826.0, 9037.0, 9254.0, 9476.0, 9723.0, 9976.0, 10230.0]",179532,560627,561627,NA,215271,NA,NA,NA,NA,NA,2656,63958,64472,80754,64472,132428,2635,NA,155892,564971,560626,46932,2634,577052,BTA (Zapotec RC script),0,0,0,no,564976,no,1920,"[910, 902, 900, 889, 831, 773, 726, 685, 613, 534, 458, 392, 341, 298, 247, 200, 156, 117, 98, 92]","[929, 918, 913, 903, 860, 807, 762, 720, 652, 569, 486, 423, 366, 313, 265, 211, 161, 123, 102, 96]"
# 2018-07-11 11:28:28.412000> starting trial 19 with item-cond 20-h,,,,,,,,,,,,,,,,,,,,,,,,,,,,,,,,,,,,,,,,,,,,,,,,,,,,,,,,,,,,,,,,,,,,,,,,,,,,,,,,,,,,,,,,,,,,,,,,,,,,,,,,,,,,,,,,,,,,,,,,,,,,,,,,,,,,,,,,
# 2018-07-11 11:28:32.898000> starting sentence audio 19 with item-cond 20-h,,,,,,,,,,,,,,,,,,,,,,,,,,,,,,,,,,,,,,,,,,,,,,,,,,,,,,,,,,,,,,,,,,,,,,,,,,,,,,,,,,,,,,,,,,,,,,,,,,,,,,,,,,,,,,,,,,,,,,,,,,,,,,,,,,,,,,,,
# 2018-07-11 11:28:32.908000 : Third practice trial at time 583101,,,,,,,,,,,,,,,,,,,,,,,,,,,,,,,,,,,,,,,,,,,,,,,,,,,,,,,,,,,,,,,,,,,,,,,,,,,,,,,,,,,,,,,,,,,,,,,,,,,,,,,,,,,,,,,,,,,,,,,,,,,,,,,,,,,,,,,,
12553,undefined,undefined,undefined,undefined,black,no,legacy,legacy,legacy,0,578626,relative,undefined,undefined,0,19,19,NA,0,NA,NA,NA,NA,NA,0,0,0,0,0,0,0,0,0,19,19,0,0,19,h,20,undefined,1381,825,yes,7/11/2018 11:18,NA,Executes Python code,yes,,yes,bta_beta.osexp,C:/Users/z.lab1/Desktop/Final,"[583086, 583092, 583324, 583544, 583770, 584030, 584295, 584545, 584816, 585041, 585267, 585492, 585718, 585959, 586209, 586474, 586736, 587007, 587249, 587477, 587707, 587935, 588170, 588429, 588682, 588942, 589207, 589433, 589657, 589884, 590109, 590341, 590592, 590852, 591110, 591372, 591601, 591834, 592065, 592306, 592579, 592855, 593130, 593393, 593626, 593857, 594092, 594340, 594614, 594877, 595159, 595397, 595633]",0,NA,no,serif,no,18,no,white,no,no,1080,20,20,legacy,19,19,0,C:/Users/z.lab1/Desktop/Final/subject-148.csv,legacy,Kafkaesque Koffka,3.2.4,5b2998ae04fe52000ecbb503,left,0,"(76, 498)",flower,yes,no,no,"0,0",0,1,1,NA,44272,44272,NA,2,legacy,1024,2,44100,-16,NA,experiment,148,even,droid,"[8288.0, 8518.0, 8750.0, 8981.0, 9223.0, 9496.0, 9771.0, 10046.0, 10310.0, 10543.0, 10775.0, 11009.0]",179532,577606,578606,NA,215271,NA,NA,NA,NA,NA,2656,63958,64472,80754,64472,132428,2635,NA,155892,583081,577605,46932,2634,595861,BTA (Zapotec RC script),0,0,0,no,583086,no,1920,"[807, 704, 628, 541, 454, 371, 293, 198, 138, 102, 92, 93]","[876, 813, 756, 689, 605, 519, 436, 345, 233, 137, 96, 94]"
# 2018-07-11 11:28:47.224000> starting trial 20 with item-cond 11-g,,,,,,,,,,,,,,,,,,,,,,,,,,,,,,,,,,,,,,,,,,,,,,,,,,,,,,,,,,,,,,,,,,,,,,,,,,,,,,,,,,,,,,,,,,,,,,,,,,,,,,,,,,,,,,,,,,,,,,,,,,,,,,,,,,,,,,,,
# 2018-07-11 11:28:50.478000> starting sentence audio 20 with item-cond 11-g,,,,,,,,,,,,,,,,,,,,,,,,,,,,,,,,,,,,,,,,,,,,,,,,,,,,,,,,,,,,,,,,,,,,,,,,,,,,,,,,,,,,,,,,,,,,,,,,,,,,,,,,,,,,,,,,,,,,,,,,,,,,,,,,,,,,,,,,
# 2018-07-11 11:28:50.489000 : Third practice trial at time 600682,,,,,,,,,,,,,,,,,,,,,,,,,,,,,,,,,,,,,,,,,,,,,,,,,,,,,,,,,,,,,,,,,,,,,,,,,,,,,,,,,,,,,,,,,,,,,,,,,,,,,,,,,,,,,,,,,,,,,,,,,,,,,,,,,,,,,,,,
12290,undefined,undefined,undefined,undefined,black,no,legacy,legacy,legacy,0,597427,relative,undefined,undefined,0,20,20,NA,0,NA,NA,NA,NA,NA,0,0,0,0,0,0,0,0,0,20,20,0,0,20,g,11,undefined,1381,825,yes,7/11/2018 11:18,NA,Executes Python code,yes,,yes,bta_beta.osexp,C:/Users/z.lab1/Desktop/Final,"[600666, 600672, 600914, 601161, 601405, 601653, 601903, 602149, 602369, 602587, 602801, 603014, 603238, 603486, 603737, 603984, 604230, 604479, 604694, 604910, 605125, 605341, 605561, 605802, 606045, 606289, 606536, 606774, 606994, 607213, 607433, 607652, 607894, 608149, 608412, 608669, 608931, 609154, 609382, 609602, 609827, 610057, 610313, 610573, 610830, 611088, 611313, 611536, 611759, 611977, 612207, 612456, 612713, 612952]",0,NA,no,serif,no,18,no,white,no,no,1080,11,11,legacy,20,20,0,C:/Users/z.lab1/Desktop/Final/subject-148.csv,legacy,Kafkaesque Koffka,3.2.4,5b2998ae04fe52000ecbb503,left,0,"(94, 470)",leaf,yes,no,no,"0,0",0,1,1,NA,44272,44272,NA,2,legacy,1024,2,44100,-16,NA,experiment,148,even,droid,"[7485.0, 7748.0, 8005.0, 8268.0, 8492.0, 8718.0, 8939.0, 9163.0, 9393.0, 9649.0, 9910.0, 10166.0, 10425.0, 10649.0]",179532,596418,597418,NA,215271,NA,NA,NA,NA,NA,2656,63958,64472,80754,64472,132428,2635,NA,155892,600661,596417,46932,2634,613170,BTA (Zapotec RC script),0,0,0,no,600666,no,1920,"[846, 777, 685, 564, 481, 404, 332, 281, 254, 212, 161, 133, 108, 103]","[882, 821, 767, 692, 626, 572, 498, 410, 334, 273, 208, 141, 97, 88]"
# 2018-07-11 11:29:04.520000> starting trial 21 with item-cond 1-e,,,,,,,,,,,,,,,,,,,,,,,,,,,,,,,,,,,,,,,,,,,,,,,,,,,,,,,,,,,,,,,,,,,,,,,,,,,,,,,,,,,,,,,,,,,,,,,,,,,,,,,,,,,,,,,,,,,,,,,,,,,,,,,,,,,,,,,,
# 2018-07-11 11:29:06.898000> starting sentence audio 21 with item-cond 1-e,,,,,,,,,,,,,,,,,,,,,,,,,,,,,,,,,,,,,,,,,,,,,,,,,,,,,,,,,,,,,,,,,,,,,,,,,,,,,,,,,,,,,,,,,,,,,,,,,,,,,,,,,,,,,,,,,,,,,,,,,,,,,,,,,,,,,,,,
# 2018-07-11 11:29:06.908000 : Third practice trial at time 617102,,,,,,,,,,,,,,,,,,,,,,,,,,,,,,,,,,,,,,,,,,,,,,,,,,,,,,,,,,,,,,,,,,,,,,,,,,,,,,,,,,,,,,,,,,,,,,,,,,,,,,,,,,,,,,,,,,,,,,,,,,,,,,,,,,,,,,,,
10582,undefined,undefined,undefined,undefined,black,no,legacy,legacy,legacy,0,614724,relative,undefined,undefined,0,21,21,NA,0,NA,NA,NA,NA,NA,0,0,0,0,0,0,0,0,0,21,21,0,0,21,e,1,undefined,1381,825,yes,7/11/2018 11:18,NA,Executes Python code,yes,,yes,bta_beta.osexp,C:/Users/z.lab1/Desktop/Final,"[617086, 617091, 617349, 617592, 617840, 618086, 618335, 618549, 618763, 618976, 619190, 619410, 619653, 619901, 620150, 620399, 620644, 620861, 621073, 621287, 621500, 621718, 621963, 622204, 622453, 622702, 622939, 623151, 623367, 623585, 623807, 624059, 624313, 624570, 624822, 625076, 625297, 625518, 625741, 625965, 626207, 626459, 626716, 626979, 627221, 627439, 627664]",0,NA,no,serif,no,18,no,white,no,no,1080,1,1,legacy,21,21,0,C:/Users/z.lab1/Desktop/Final/subject-148.csv,legacy,Kafkaesque Koffka,3.2.4,5b2998ae04fe52000ecbb503,right,0,"(1814, 431)",star,yes,no,no,"0,0",0,1,1,NA,44272,44272,NA,2,legacy,1024,2,44100,-16,NA,experiment,148,even,droid,"[6725.0, 6975.0, 7230.0, 7486.0, 7738.0, 7992.0, 8213.0, 8435.0, 8658.0, 8882.0]",179532,613713,614713,NA,215271,NA,NA,NA,NA,NA,2656,63958,64472,80754,64472,132428,2635,NA,155892,617080,613712,46932,2634,627876,BTA (Zapotec RC script),0,0,0,no,617086,no,1920,"[1172, 1287, 1398, 1516, 1621, 1713, 1787, 1823, 1834, 1837]","[774, 698, 602, 489, 355, 242, 167, 117, 94, 90]"
# 2018-07-11 11:29:19.264000> starting trial 22 with item-cond 3-g,,,,,,,,,,,,,,,,,,,,,,,,,,,,,,,,,,,,,,,,,,,,,,,,,,,,,,,,,,,,,,,,,,,,,,,,,,,,,,,,,,,,,,,,,,,,,,,,,,,,,,,,,,,,,,,,,,,,,,,,,,,,,,,,,,,,,,,,
# 2018-07-11 11:29:22.078000> starting sentence audio 22 with item-cond 3-g,,,,,,,,,,,,,,,,,,,,,,,,,,,,,,,,,,,,,,,,,,,,,,,,,,,,,,,,,,,,,,,,,,,,,,,,,,,,,,,,,,,,,,,,,,,,,,,,,,,,,,,,,,,,,,,,,,,,,,,,,,,,,,,,,,,,,,,,
# 2018-07-11 11:29:22.088000 : Third practice trial at time 632281,,,,,,,,,,,,,,,,,,,,,,,,,,,,,,,,,,,,,,,,,,,,,,,,,,,,,,,,,,,,,,,,,,,,,,,,,,,,,,,,,,,,,,,,,,,,,,,,,,,,,,,,,,,,,,,,,,,,,,,,,,,,,,,,,,,,,,,,
13768,undefined,undefined,undefined,undefined,black,no,legacy,legacy,legacy,0,629468,relative,undefined,undefined,0,22,22,NA,0,NA,NA,NA,NA,NA,0,0,0,0,0,0,0,0,0,22,22,0,0,22,g,3,undefined,1381,825,yes,7/11/2018 11:18,NA,Executes Python code,yes,,yes,bta_beta.osexp,C:/Users/z.lab1/Desktop/Final,"[632266, 632272, 632497, 632709, 632936, 633175, 633414, 633658, 633904, 634124, 634339, 634555, 634770, 634993, 635238, 635478, 635715, 635958, 636196, 636411, 636626, 636841, 637057, 637303, 637541, 637781, 638028, 638284, 638503, 638719, 638932, 639145, 639366, 639610, 639858, 640103, 640346, 640581, 640801, 641021, 641241, 641461, 641699, 641953, 642215, 642480, 642733, 642953, 643179, 643401, 643622, 643879, 644138, 644394, 644664, 644882, 645100, 645318, 645536, 645764, 646029]",0,NA,no,serif,no,18,no,white,no,no,1080,3,3,legacy,22,22,0,C:/Users/z.lab1/Desktop/Final/subject-148.csv,legacy,Kafkaesque Koffka,3.2.4,5b2998ae04fe52000ecbb503,left,0,"(85, 447)",leaf,yes,no,no,"0,0",0,1,1,NA,44272,44272,NA,2,legacy,1024,2,44100,-16,NA,experiment,148,even,droid,"[9952.0, 10216.0, 10469.0, 10691.0, 10915.0, 11138.0, 11360.0, 11615.0, 11876.0]",179532,628458,629458,NA,215271,NA,NA,NA,NA,NA,2656,63958,64472,80754,64472,132428,2635,NA,155892,632261,628457,46932,2634,646286,BTA (Zapotec RC script),0,0,0,no,632266,no,1920,"[773, 625, 508, 393, 300, 223, 161, 122, 107]","[842, 788, 706, 617, 493, 378, 272, 166, 110]"
# 2018-07-11 11:29:37.651000> starting trial 23 with item-cond 2-f,,,,,,,,,,,,,,,,,,,,,,,,,,,,,,,,,,,,,,,,,,,,,,,,,,,,,,,,,,,,,,,,,,,,,,,,,,,,,,,,,,,,,,,,,,,,,,,,,,,,,,,,,,,,,,,,,,,,,,,,,,,,,,,,,,,,,,,,
# 2018-07-11 11:29:40.098000> starting sentence audio 23 with item-cond 2-f,,,,,,,,,,,,,,,,,,,,,,,,,,,,,,,,,,,,,,,,,,,,,,,,,,,,,,,,,,,,,,,,,,,,,,,,,,,,,,,,,,,,,,,,,,,,,,,,,,,,,,,,,,,,,,,,,,,,,,,,,,,,,,,,,,,,,,,,
# 2018-07-11 11:29:40.108000 : Third practice trial at time 650302,,,,,,,,,,,,,,,,,,,,,,,,,,,,,,,,,,,,,,,,,,,,,,,,,,,,,,,,,,,,,,,,,,,,,,,,,,,,,,,,,,,,,,,,,,,,,,,,,,,,,,,,,,,,,,,,,,,,,,,,,,,,,,,,,,,,,,,,
8757,undefined,undefined,undefined,undefined,black,no,legacy,legacy,legacy,0,647853,relative,undefined,undefined,0,23,23,NA,0,NA,NA,NA,NA,NA,0,0,0,0,0,0,0,0,0,23,23,0,0,23,f,2,undefined,1381,825,yes,7/11/2018 11:18,NA,Executes Python code,yes,,yes,bta_beta.osexp,C:/Users/z.lab1/Desktop/Final,"[650286, 650292, 650519, 650741, 650979, 651223, 651470, 651719, 651967, 652180, 652394, 652608, 652822, 653042, 653291, 653542, 653786, 654039, 654280, 654499, 654720, 654943, 655162, 655409, 655666, 655927, 656188, 656446, 656665, 656888, 657112, 657332, 657577, 657843, 658105, 658363, 658589, 658812, 659039]",0,NA,no,serif,no,18,no,white,no,no,1080,2,2,legacy,23,23,0,C:/Users/z.lab1/Desktop/Final/subject-148.csv,legacy,Kafkaesque Koffka,3.2.4,5b2998ae04fe52000ecbb503,left,0,"(97, 420)",tortilla,yes,no,no,"0,0",0,1,1,NA,44272,44272,NA,2,legacy,1024,2,44100,-16,NA,experiment,148,even,droid,"[4437.0, 4660.0, 4879.0, 5125.0, 5382.0, 5643.0, 5904.0, 6163.0, 6381.0, 6604.0, 6828.0, 7049.0, 7293.0, 7560.0]",179532,646844,647844,NA,215271,NA,NA,NA,NA,NA,2656,63958,64472,80754,64472,132428,2635,NA,155892,650281,646842,46932,2634,659254,BTA (Zapotec RC script),0,0,0,no,650286,no,1920,"[779, 647, 540, 429, 317, 227, 146, 95, 75, 74, 79, 92, 109, 115]","[844, 766, 693, 591, 442, 316, 202, 133, 96, 85, 78, 80, 98, 125]"
